dezenas_na_aposta,combinacoes_15_embutidas,custo_reais,media_acertos_esperada,pct_11_ou_mais,pct_13_ou_mais,pct_15,custo_por_ponto_percentual_de_11mais
15,1,3.5,9.0,10.5889,0.1492,3.1e-05,0.33
16,16,56.0,9.6,22.1645,0.6503,0.000489,2.53
17,136,476.0,10.2,39.3135,2.2093,0.004161,12.11
18,816,2856.0,10.8,60.1373,6.1847,0.024964,47.49
19,3876,13566.0,11.4,80.2174,14.7036,0.118577,169.12
20,15504,54264.0,12.0,94.3478,30.1186,0.474308,575.15
